{
  "Right Option Key Sends" : 0,
  "Tags" : [

  ],
  "Ansi 12 Color" : {
    "Red Component" : 0.25882354378700256,
    "Color Space" : "Calibrated",
    "Blue Component" : 0.96078431606292725,
    "Alpha Component" : 1,
    "Green Component" : 0.64705884456634521
  },
  "Ansi 6 Color" : {
    "Red Component" : 0.094117648899555206,
    "Color Space" : "Calibrated",
    "Blue Component" : 1,
    "Alpha Component" : 1,
    "Green Component" : 1
  },
  "Ansi 7 Color" : {
    "Red Component" : 0.96078431606292725,
    "Color Space" : "Calibrated",
    "Blue Component" : 0.96078431606292725,
    "Alpha Component" : 1,
    "Green Component" : 0.96078431606292725
  },
  "Bold Color" : {
    "Red Component" : 0.50599193572998047,
    "Color Space" : "Calibrated",
    "Blue Component" : 0.56363654136657715,
    "Alpha Component" : 1,
    "Green Component" : 0.56485837697982788
  },
  "Ansi 8 Color" : {
    "Red Component" : 0.364705890417099,
    "Color Space" : "Calibrated",
    "Blue Component" : 0.44313725829124451,
    "Alpha Component" : 1,
    "Green Component" : 0.43529412150382996
  },
  "Ansi 9 Color" : {
    "Red Component" : 1,
    "Color Space" : "Calibrated",
    "Blue Component" : 0.24313725531101227,
    "Alpha Component" : 1,
    "Green Component" : 0.26666668057441711
  },
  "Link Color" : {
    "Red Component" : 0.023000000044703484,
    "Color Space" : "Calibrated",
    "Blue Component" : 0.67799997329711914,
    "Alpha Component" : 1,
    "Green Component" : 0.27000001072883606
  },
  "Rows" : 25,
  "Default Bookmark" : "No",
  "Ansi 4 Color" : {
    "Red Component" : 0.25098040699958801,
    "Color Space" : "Calibrated",
    "Blue Component" : 1,
    "Alpha Component" : 1,
    "Green Component" : 0.76862746477127075
  },
  "Cursor Guide Color" : {
    "Red Component" : 0.15063479542732239,
    "Color Space" : "Calibrated",
    "Blue Component" : 0.1567520797252655,
    "Alpha Component" : 1,
    "Green Component" : 0.15360786020755768
  },
  "Non-ASCII Anti Aliased" : true,
  "Use Bright Bold" : true,
  "Ansi 10 Color" : {
    "Red Component" : 0.76470589637756348,
    "Color Space" : "Calibrated",
    "Blue Component" : 0.17254902422428131,
    "Alpha Component" : 1,
    "Green Component" : 0.84705883264541626
  },
  "Ambiguous Double Width" : false,
  "Jobs to Ignore" : [
    "rlogin",
    "ssh",
    "slogin",
    "telnet"
  ],
  "Ansi 15 Color" : {
    "Red Component" : 0.96078431606292725,
    "Color Space" : "Calibrated",
    "Blue Component" : 0.96078431606292725,
    "Alpha Component" : 1,
    "Green Component" : 0.96078431606292725
  },
  "Foreground Color" : {
    "Red Component" : 0.63137257099151611,
    "Color Space" : "Calibrated",
    "Blue Component" : 0.72156864404678345,
    "Alpha Component" : 1,
    "Green Component" : 0.69019609689712524
  },
  "Working Directory" : "\/Users\/wimvandeweyer",
  "Blinking Cursor" : false,
  "Disable Window Resizing" : true,
  "Sync Title" : false,
  "Prompt Before Closing 2" : false,
  "BM Growl" : true,
  "Command" : "",
  "Description" : "Default",
  "Mouse Reporting" : true,
  "Screen" : -1,
  "Selection Color" : {
    "Red Component" : 0.69019609689712524,
    "Color Space" : "Calibrated",
    "Blue Component" : 0.77254903316497803,
    "Alpha Component" : 1,
    "Green Component" : 0.7450980544090271
  },
  "Columns" : 80,
  "Idle Code" : 0,
  "Ansi 13 Color" : {
    "Red Component" : 0.84705883264541626,
    "Color Space" : "Calibrated",
    "Blue Component" : 0.37647059559822083,
    "Alpha Component" : 1,
    "Green Component" : 0.10588235408067703
  },
  "Custom Command" : "No",
  "ASCII Anti Aliased" : true,
  "Non Ascii Font" : "Monaco 12",
  "Vertical Spacing" : 1,
  "Use Bold Font" : true,
  "Option Key Sends" : 0,
  "Selected Text Color" : {
    "Red Component" : 0.24705882370471954,
    "Color Space" : "Calibrated",
    "Blue Component" : 0.70980393886566162,
    "Alpha Component" : 1,
    "Green Component" : 0.31764706969261169
  },
  "Background Color" : {
    "Red Component" : 0.14901961386203766,
    "Color Space" : "Calibrated",
    "Blue Component" : 0.21960784494876862,
    "Alpha Component" : 1,
    "Green Component" : 0.19607843458652496
  },
  "Character Encoding" : 4,
  "Ansi 11 Color" : {
    "Red Component" : 1,
    "Color Space" : "Calibrated",
    "Blue Component" : 0.20784313976764679,
    "Alpha Component" : 1,
    "Green Component" : 0.75686275959014893
  },
  "Use Italic Font" : true,
  "Unlimited Scrollback" : false,
  "Keyboard Map" : {
    "0xf700-0x260000" : {
      "Text" : "[1;6A",
      "Action" : 10
    },
    "0x37-0x40000" : {
      "Text" : "0x1f",
      "Action" : 11
    },
    "0x32-0x40000" : {
      "Text" : "0x00",
      "Action" : 11
    },
    "0xf709-0x20000" : {
      "Text" : "[17;2~",
      "Action" : 10
    },
    "0xf70c-0x20000" : {
      "Text" : "[20;2~",
      "Action" : 10
    },
    "0xf729-0x20000" : {
      "Text" : "[1;2H",
      "Action" : 10
    },
    "0xf72b-0x40000" : {
      "Text" : "[1;5F",
      "Action" : 10
    },
    "0xf705-0x20000" : {
      "Text" : "[1;2Q",
      "Action" : 10
    },
    "0xf703-0x260000" : {
      "Text" : "[1;6C",
      "Action" : 10
    },
    "0xf700-0x220000" : {
      "Text" : "[1;2A",
      "Action" : 10
    },
    "0xf701-0x280000" : {
      "Text" : "0x1b 0x1b 0x5b 0x42",
      "Action" : 11
    },
    "0x38-0x40000" : {
      "Text" : "0x7f",
      "Action" : 11
    },
    "0x33-0x40000" : {
      "Text" : "0x1b",
      "Action" : 11
    },
    "0xf703-0x220000" : {
      "Text" : "[1;2C",
      "Action" : 10
    },
    "0xf701-0x240000" : {
      "Text" : "[1;5B",
      "Action" : 10
    },
    "0xf70d-0x20000" : {
      "Text" : "[21;2~",
      "Action" : 10
    },
    "0xf702-0x260000" : {
      "Text" : "[1;6D",
      "Action" : 10
    },
    "0xf729-0x40000" : {
      "Text" : "[1;5H",
      "Action" : 10
    },
    "0xf706-0x20000" : {
      "Text" : "[1;2R",
      "Action" : 10
    },
    "0x34-0x40000" : {
      "Text" : "0x1c",
      "Action" : 11
    },
    "0xf700-0x280000" : {
      "Text" : "0x1b 0x1b 0x5b 0x41",
      "Action" : 11
    },
    "0x2d-0x40000" : {
      "Text" : "0x1f",
      "Action" : 11
    },
    "0xf70e-0x20000" : {
      "Text" : "[23;2~",
      "Action" : 10
    },
    "0xf702-0x220000" : {
      "Text" : "[1;2D",
      "Action" : 10
    },
    "0xf703-0x280000" : {
      "Text" : "0x1b 0x1b 0x5b 0x43",
      "Action" : 11
    },
    "0xf700-0x240000" : {
      "Text" : "[1;5A",
      "Action" : 10
    },
    "0xf707-0x20000" : {
      "Text" : "[1;2S",
      "Action" : 10
    },
    "0xf70a-0x20000" : {
      "Text" : "[18;2~",
      "Action" : 10
    },
    "0x35-0x40000" : {
      "Text" : "0x1d",
      "Action" : 11
    },
    "0xf70f-0x20000" : {
      "Text" : "[24;2~",
      "Action" : 10
    },
    "0xf703-0x240000" : {
      "Text" : "[1;5C",
      "Action" : 10
    },
    "0xf701-0x260000" : {
      "Text" : "[1;6B",
      "Action" : 10
    },
    "0xf702-0x280000" : {
      "Text" : "0x1b 0x1b 0x5b 0x44",
      "Action" : 11
    },
    "0xf72b-0x20000" : {
      "Text" : "[1;2F",
      "Action" : 10
    },
    "0x36-0x40000" : {
      "Text" : "0x1e",
      "Action" : 11
    },
    "0xf708-0x20000" : {
      "Text" : "[15;2~",
      "Action" : 10
    },
    "0xf701-0x220000" : {
      "Text" : "[1;2B",
      "Action" : 10
    },
    "0xf70b-0x20000" : {
      "Text" : "[19;2~",
      "Action" : 10
    },
    "0xf702-0x240000" : {
      "Text" : "[1;5D",
      "Action" : 10
    },
    "0xf704-0x20000" : {
      "Text" : "[1;2P",
      "Action" : 10
    }
  },
  "Window Type" : 0,
  "Background Image Location" : "",
  "Blur" : false,
  "Badge Color" : {
    "Red Component" : 0.96078431606292725,
    "Color Space" : "Calibrated",
    "Blue Component" : 0.96078431606292725,
    "Alpha Component" : 1,
    "Green Component" : 0.96078431606292725
  },
  "Scrollback Lines" : 1000,
  "Send Code When Idle" : false,